{
  "business_id": "string",
  "name": "string",
  "address": "string",
  "city": "string",
  "state": "string",
  "zip": "string",
  "latitude": "float",
  "longitude": "float",
  "stars": "float",
  "review_count": "integer",
  "is_open": "integer",
  "attributes": {
    "RestaurantsTakeOut": "boolean",
    "RestaurantsReservations": "boolean",
    "RestaurantsGoodForGroups": "boolean",
    "RestaurantsPriceRange2": "integer",
    "RestaurantsDelivery": "boolean",
    "RestaurantsAttire": "string",
    "RestaurantsOutdoorSeating": "boolean",
    "RestaurantsTableService": "boolean",
    "RestaurantsCounterService": "boolean",
    "GoodForKids": "boolean",
    "Alcohol": "string",
    "HappyHour": "boolean",
    "WiFi": "string",
    "Caters": "boolean",
    "DogsAllowed": "boolean",
    "RestaurantsBYOBCorkage": "boolean",
    "RestaurantsSpecialDiet": "string"
  },
  "categories": "string",
  "hours": {
    "Monday": "string",
    "Tuesday": "string",
    "Wednesday": "string",
    "Thursday": "string",
    "Friday": "string",
    "Saturday": "string",
    "Sunday": "string"
  }
}