{
  "reviews": [
    {
      "review_id": "1",
      "user_id": "user_1",
      "business_id": "business_1",
      "stars": 5,
      "date": "2023-01-01 12:00:00",
      "text": "Amazing food and great service!",
      "useful": 10,
      "funny": 2,
      "cool": 5
    },
    {
      "review_id": "2",
      "user_id": "user_2",
      "business_id": "business_1",
      "stars": 4,
      "date": "2023-01-02 13:00:00",
      "text": "Really enjoyed the ambiance and the food was delicious.",
      "useful": 8,
      "funny": 1,
      "cool": 4
    },
    {
      "review_id": "3",
      "user_id": "user_3",
      "business_id": "business_2",
      "stars": 3,
      "date": "2023-01-03 14:00:00",
      "text": "It was okay, nothing special.",
      "useful": 5,
      "funny": 0,
      "cool": 2
    },
    {
      "review_id": "4",
      "user_id": "user_4",
      "business_id": "business_3",
      "stars": 2,
      "date": "2023-01-04 15:00:00",
      "text": "Not worth the price. I expected more.",
      "useful": 3,
      "funny": 1,
      "cool": 1
    },
    {
      "review_id": "5",
      "user_id": "user_5",
      "business_id": "business_4",
      "stars": 1,
      "date": "2023-01-05 16:00:00",
      "text": "Terrible experience. Will not return.",
      "useful": 0,
      "funny": 5,
      "cool": 0
    }
    // Additional records would follow in the same format...
  ]
}